name, Google Search, Google Trends, Github (active), Github (created), Stack Overflow (?s), Stack Overflow (views), Reddit (posts), Hacker News, Career Builder, Dice, Twitter, IEEE Xplore
ABAP,4.041580,4.041580,4.041580,4.041580,4.041580,4.041580,4.041580,4.041580,4.041580,4.041580,4.041580,4.041580
Actionscript,4.041580,4.041580,4.041580,4.041580,4.041580,4.041580,4.041580,4.041580,4.041580,4.041580,4.041580,4.041580
Ada,4.041580,4.041580,4.041580,4.041580,4.041580,4.041580,4.041580,4.041580,4.041580,4.041580,4.041580,4.041580
Apex Code,4.041580,4.041580,4.041580,4.041580,4.041580,4.041580,4.041580,4.041580,4.041580,4.041580,4.041580,4.041580
ASP.NET,4.041580,4.041580,4.041580,4.041580,4.041580,4.041580,4.041580,4.041580,4.041580,4.041580,4.041580,4.041580
Assembly,4.041580,4.041580,4.041580,4.041580,4.041580,4.041580,4.041580,4.041580,4.041580,4.041580,4.041580,4.041580
C,4.041580,4.041580,4.041580,4.041580,4.041580,4.041580,4.041580,4.041580,4.041580,4.041580,4.041580,4.041580
C#,4.041580,4.041580,4.041580,4.041580,4.041580,4.041580,4.041580,4.041580,4.041580,4.041580,4.041580,4.041580
C++,4.041580,4.041580,4.041580,4.041580,4.041580,4.041580,4.041580,4.041580,4.041580,4.041580,4.041580,4.041580
Clojure,4.041580,4.041580,4.041580,4.041580,4.041580,4.041580,4.041580,4.041580,4.041580,4.041580,4.041580,4.041580
Cobol,4.041580,4.041580,4.041580,4.041580,4.041580,4.041580,4.041580,4.041580,4.041580,4.041580,4.041580,4.041580
CoffeeScript,4.041580,4.041580,4.041580,4.041580,4.041580,4.041580,4.041580,4.041580,4.041580,4.041580,4.041580,4.041580
D,4.041580,4.041580,4.041580,4.041580,4.041580,4.041580,4.041580,4.041580,4.041580,4.041580,4.041580,4.041580
Delphi,4.041580,4.041580,4.041580,4.041580,4.041580,4.041580,4.041580,4.041580,4.041580,4.041580,4.041580,4.041580
Eiffel,4.041580,4.041580,4.041580,4.041580,4.041580,4.041580,4.041580,4.041580,4.041580,4.041580,4.041580,4.041580
Erlang,4.041580,4.041580,4.041580,4.041580,4.041580,4.041580,4.041580,4.041580,4.041580,4.041580,4.041580,4.041580
Forth,4.041580,4.041580,4.041580,4.041580,4.041580,4.041580,4.041580,4.041580,4.041580,4.041580,4.041580,4.041580
Fortran,4.041580,4.041580,4.041580,4.041580,4.041580,4.041580,4.041580,4.041580,4.041580,4.041580,4.041580,4.041580
Go,4.041580,4.041580,4.041580,4.041580,4.041580,4.041580,4.041580,4.041580,4.041580,4.041580,4.041580,4.041580
Haskell,4.041580,4.041580,4.041580,4.041580,4.041580,4.041580,4.041580,4.041580,4.041580,4.041580,4.041580,4.041580
HTML,4.041580,4.041580,4.041580,4.041580,4.041580,4.041580,4.041580,4.041580,4.041580,4.041580,4.041580,4.041580
J,4.041580,4.041580,4.041580,4.041580,4.041580,4.041580,4.041580,4.041580,4.041580,4.041580,4.041580,4.041580
Java,4.041580,4.041580,4.041580,4.041580,4.041580,4.041580,4.041580,4.041580,4.041580,4.041580,4.041580,4.041580
JavaScript,4.041580,4.041580,4.041580,4.041580,4.041580,4.041580,4.041580,4.041580,4.041580,4.041580,4.041580,4.041580
Ladder Logic,4.041580,4.041580,4.041580,4.041580,4.041580,4.041580,4.041580,4.041580,4.041580,4.041580,4.041580,4.041580
Lisp,4.041580,4.041580,4.041580,4.041580,4.041580,4.041580,4.041580,4.041580,4.041580,4.041580,4.041580,4.041580
Lua,4.041580,4.041580,4.041580,4.041580,4.041580,4.041580,4.041580,4.041580,4.041580,4.041580,4.041580,4.041580
Matlab,4.041580,4.041580,4.041580,4.041580,4.041580,4.041580,4.041580,4.041580,4.041580,4.041580,4.041580,4.041580
NetLogo,4.041580,4.041580,4.041580,4.041580,4.041580,4.041580,4.041580,4.041580,4.041580,4.041580,4.041580,4.041580
Objective-C,4.041580,4.041580,4.041580,4.041580,4.041580,4.041580,4.041580,4.041580,4.041580,4.041580,4.041580,4.041580
Ocaml,4.041580,4.041580,4.041580,4.041580,4.041580,4.041580,4.041580,4.041580,4.041580,4.041580,4.041580,4.041580
Perl,4.041580,4.041580,4.041580,4.041580,4.041580,4.041580,4.041580,4.041580,4.041580,4.041580,4.041580,4.041580
PHP,4.041580,4.041580,4.041580,4.041580,4.041580,4.041580,4.041580,4.041580,4.041580,4.041580,4.041580,4.041580
Processing,4.041580,4.041580,4.041580,4.041580,4.041580,4.041580,4.041580,4.041580,4.041580,4.041580,4.041580,4.041580
Prolog,4.041580,4.041580,4.041580,4.041580,4.041580,4.041580,4.041580,4.041580,4.041580,4.041580,4.041580,4.041580
Python,4.041580,4.041580,4.041580,4.041580,4.041580,4.041580,4.041580,4.041580,4.041580,4.041580,4.041580,4.041580
R,4.041580,4.041580,4.041580,4.041580,4.041580,4.041580,4.041580,4.041580,4.041580,4.041580,4.041580,4.041580
Ruby,4.041580,4.041580,4.041580,4.041580,4.041580,4.041580,4.041580,4.041580,4.041580,4.041580,4.041580,4.041580
SAS,4.041580,4.041580,4.041580,4.041580,4.041580,4.041580,4.041580,4.041580,4.041580,4.041580,4.041580,4.041580
Scala,4.041580,4.041580,4.041580,4.041580,4.041580,4.041580,4.041580,4.041580,4.041580,4.041580,4.041580,4.041580
Scheme,4.041580,4.041580,4.041580,4.041580,4.041580,4.041580,4.041580,4.041580,4.041580,4.041580,4.041580,4.041580
Scilab,4.041580,4.041580,4.041580,4.041580,4.041580,4.041580,4.041580,4.041580,4.041580,4.041580,4.041580,4.041580
Shell,4.041580,4.041580,4.041580,4.041580,4.041580,4.041580,4.041580,4.041580,4.041580,4.041580,4.041580,4.041580
SQL,4.041580,4.041580,4.041580,4.041580,4.041580,4.041580,4.041580,4.041580,4.041580,4.041580,4.041580,4.041580
TCL,4.041580,4.041580,4.041580,4.041580,4.041580,4.041580,4.041580,4.041580,4.041580,4.041580,4.041580,4.041580
Verilog,4.041580,4.041580,4.041580,4.041580,4.041580,4.041580,4.041580,4.041580,4.041580,4.041580,4.041580,4.041580
VHDL,4.041580,4.041580,4.041580,4.041580,4.041580,4.041580,4.041580,4.041580,4.041580,4.041580,4.041580,4.041580
Visual Basic,4.041580,4.041580,4.041580,4.041580,4.041580,4.041580,4.041580,4.041580,4.041580,4.041580,4.041580,4.041580
Arduino,4.041580,4.041580,4.041580,4.041580,4.041580,4.041580,4.041580,4.041580,4.041580,4.041580,4.041580,4.041580
Swift,4.041580,4.041580,4.041580,4.041580,4.041580,4.041580,4.041580,4.041580,4.041580,4.041580,4.041580,4.041580
ColdFusion,4.041580,4.041580,4.041580,4.041580,4.041580,4.041580,4.041580,4.041580,4.041580,4.041580,4.041580,4.041580
Cuda,4.041580,4.041580,4.041580,4.041580,4.041580,4.041580,4.041580,4.041580,4.041580,4.041580,4.041580,4.041580
IDL,4.041580,4.041580,4.041580,4.041580,4.041580,4.041580,4.041580,4.041580,4.041580,4.041580,4.041580,4.041580
Julia,4.041580,4.041580,4.041580,4.041580,4.041580,4.041580,4.041580,4.041580,4.041580,4.041580,4.041580,4.041580
LabView,4.041580,4.041580,4.041580,4.041580,4.041580,4.041580,4.041580,4.041580,4.041580,4.041580,4.041580,4.041580
Opa,4.041580,4.041580,4.041580,4.041580,4.041580,4.041580,4.041580,4.041580,4.041580,4.041580,4.041580,4.041580
Rust,4.041580,4.041580,4.041580,4.041580,4.041580,4.041580,4.041580,4.041580,4.041580,4.041580,4.041580,4.041580
